DeviceType,DeviceName,RuntimeHours,TemperatureC,PressureKPa,VibrationMM_S,CurrentDrawA,SignalNoiseLevel,ClimateControl,HumidityPercent,Location,OperationalCycles,UserInteractionsPerDay,LastServiceDate,ApproxDeviceAgeYears,NumRepairs,ErrorLogsCount,PredictedFailureRisk,ProcessedTimestamp
Defibrillator,Philips Ingenuity,7789.82,16.81,113.4,0.779,0.314,0.29,No,33.54,Hospital D - North Region,5098,18.36,03-02-2025,29.12,2,17,0,2025-08-30T07:19:23.924704
ECG Monitor,Baxter Flo-Gard,2686.68,35.07,95.6,0.452,0.178,3.21,No,66.41,Hospital C - North Region,5332,19.14,18-01-2024,31.8,5,4,2,2025-08-30T07:19:23.929823
Defibrillator,Smiths Medfusion,6881.52,25.42,105.35,0.89,1.175,0.96,No,24.47,Hospital E - Central Region,7057,19.39,20-12-2023,20.67,1,3,1,2025-08-30T07:19:23.935324
Defibrillator,Baxter AK 96,2537.1,37.44,104.95,0.277,0.837,0.75,Yes,48.99,Hospital E - East Region,1773,4.07,20-12-2024,14.97,8,3,2,2025-08-30T07:19:28.459805
Anesthesia Machine,Lifepak 20,4399.98,18.03,109.68,0.378,0.773,1.44,Yes,67.76,Hospital F - West Region,5120,4.91,12-10-2023,5.7,14,13,0,2025-08-30T07:19:28.464787
CT Scanner,Alaris GH,5375.66,30.82,99.25,0.26,1.454,0.19,No,61.7,Hospital G - North Region,4720,3.61,06-04-2024,11.66,16,10,0,2025-08-30T07:19:28.971724
Infusion Pump,NxStage System One,3045.2,32.26,102.21,0.31,1.39,0.28,No,44.56,Hospital C - East Region,7561,17.37,08-10-2024,17.62,15,4,2,2025-08-30T07:19:28.977099
Anesthesia Machine,Drager V500,1819.15,39.28,109.03,0.033,0.806,2.94,No,59.58,Hospital H - South Region,11553,1.03,18-06-2025,31.5,0,16,0,2025-08-30T07:19:28.982773
Infusion Pump,Phillips PageWriter,2411.32,24.14,114.56,0.014,0.748,3.59,No,60.14,Hospital E - South Region,6206,13.39,16-10-2023,32.0,8,15,0,2025-08-30T07:19:29.087822
ECG Monitor,Zoll R Series,4849.43,33.79,115.2,0.112,0.414,1.26,No,57.96,Hospital F - East Region,5657,13.59,24-01-2025,12.83,12,18,2,2025-08-30T07:19:29.093160
Defibrillator,Baxter AK 96,3912.88,37.51,119.84,0.801,1.365,4.99,No,49.29,Hospital F - Central Region,7405,13.54,13-02-2025,3.16,17,6,0,2025-08-30T07:19:29.896408
Infusion Pump,Puritan Bennett 980,3626.87,34.59,93.81,0.388,1.495,2.67,Yes,54.91,Hospital B - Central Region,11731,25.28,16-06-2025,25.76,13,0,1,2025-08-30T07:19:29.903748
Anesthesia Machine,Datex Ohmeda S5,1785.34,25.03,101.42,0.207,0.296,1.1,No,62.56,Hospital F - South Region,10392,7.27,25-06-2024,21.82,14,10,0,2025-08-30T07:19:29.910559
Defibrillator,Drager Fabius Trio,9791.31,37.18,105.39,0.541,0.894,0.49,Yes,22.42,Hospital F - Central Region,11485,22.54,25-02-2025,26.42,18,2,0,2025-08-30T07:19:29.917341
CT Scanner,Siemens S2000,5098.41,16.4,91.19,0.509,1.127,3.63,Yes,29.74,Hospital F - West Region,10593,26.13,26-03-2025,3.84,11,6,0,2025-08-30T07:19:29.924446
Patient Ventilator,NxStage System One,323.06,37.49,103.64,0.999,0.581,1.58,No,25.83,Hospital E - East Region,7696,8.35,17-03-2025,4.16,7,16,0,2025-08-30T07:19:29.931439
CT Scanner,GE Logiq E9,7187.18,24.83,111.67,0.532,0.349,1.23,No,36.39,Hospital E - East Region,962,1.64,04-10-2024,15.02,10,16,0,2025-08-30T07:19:29.938665
Infusion Pump,Baxter Flo-Gard,9274.4,30.79,111.15,0.443,0.353,1.24,Yes,30.19,Hospital G - East Region,131,0.39,28-11-2023,13.54,13,6,0,2025-08-30T07:19:29.945937
Patient Ventilator,Drager V500,1387.53,35.2,104.48,0.99,1.458,2.9,No,34.31,Hospital B - West Region,5045,3.86,05-01-2025,20.8,1,22,0,2025-08-30T07:19:29.952672
ECG Monitor,NxStage System One,4000.4,23.85,93.06,0.206,0.192,1.01,No,54.17,Hospital C - Central Region,3234,15.92,01-09-2023,7.52,6,0,1,2025-08-30T07:19:29.958327
Infusion Pump,Drager V500,9642.42,19.0,98.0,0.731,1.057,1.94,Yes,62.11,Hospital A - Central Region,10837,5.57,14-09-2024,16.36,1,10,0,2025-08-30T07:19:30.088937
Defibrillator,Siemens S2000,8487.7,22.04,93.78,0.092,1.016,4.4,No,54.1,Hospital A - South Region,8243,7.61,03-05-2024,14.2,4,5,0,2025-08-30T07:19:30.094411
Patient Ventilator,Phillips PageWriter,9713.42,29.65,114.54,0.432,0.909,1.0,No,41.55,Hospital G - South Region,7959,6.48,08-06-2025,31.6,12,2,0,2025-08-30T07:19:30.100079
CT Scanner,GE Logiq E9,7691.63,23.08,117.95,0.996,0.81,0.81,No,40.13,Hospital G - East Region,2589,12.4,21-10-2023,35.01,0,8,0,2025-08-30T07:19:30.106171
Patient Ventilator,GE MAC 2000,6676.04,32.56,117.07,0.229,0.816,2.04,Yes,21.94,Hospital E - West Region,8521,3.5,03-02-2025,31.09,18,17,0,2025-08-30T07:19:30.111787
Defibrillator,Drager Fabius Trio,4708.87,23.02,96.3,0.627,0.401,4.07,Yes,63.94,Hospital B - East Region,5668,0.88,23-09-2023,30.95,10,0,0,2025-08-30T07:19:30.117244
Patient Ventilator,Drager V500,8227.8,18.84,95.64,0.882,1.272,0.42,No,65.74,Hospital B - Central Region,1665,23.23,29-06-2025,1.05,12,4,0,2025-08-30T07:19:30.123042
Ultrasound Machine,GE Aisys,9426.57,30.85,92.25,0.631,0.681,4.53,No,31.79,Hospital D - South Region,3285,18.68,24-03-2025,0.53,4,4,0,2025-08-30T07:19:30.128800
ECG Monitor,Philips EPIQ,1440.93,36.55,113.45,0.746,0.867,4.7,Yes,65.05,Hospital E - North Region,10589,1.32,10-11-2024,10.46,17,4,2,2025-08-30T07:19:30.134394
Infusion Pump,NxStage System One,1094.51,26.99,91.85,0.259,0.103,2.11,No,45.13,Hospital G - East Region,10711,1.67,03-07-2025,14.91,1,7,1,2025-08-30T07:19:30.139999
CT Scanner,Datex Ohmeda S5,2495.2,35.67,97.17,0.315,0.558,2.1,No,65.4,Hospital E - North Region,2686,21.3,30-05-2024,16.14,8,8,0,2025-08-30T07:19:30.214811
Infusion Pump,GE MAC 2000,7725.9,25.66,111.12,0.542,1.48,2.32,Yes,69.53,Hospital G - East Region,5478,16.89,22-03-2025,28.74,2,1,1,2025-08-30T07:19:30.220771
Infusion Pump,GE Aisys,3925.5,28.07,100.12,0.02,0.66,1.1,Yes,27.26,Hospital D - Central Region,2671,20.16,30-09-2024,27.37,0,18,0,2025-08-30T07:19:30.226401
Infusion Pump,GE Revolution,1888.3,19.36,112.08,0.741,0.11,1.52,No,22.8,Hospital F - Central Region,5984,23.06,07-02-2024,6.16,16,7,1,2025-08-30T07:19:30.232596
CT Scanner,NxStage System One,197.12,37.59,110.74,0.221,0.885,0.73,No,40.94,Hospital H - North Region,2572,14.91,07-01-2025,13.0,12,17,0,2025-08-30T07:19:30.238037
Patient Ventilator,Philips EPIQ,1525.12,31.64,95.97,0.503,1.262,0.47,No,67.69,Hospital C - Central Region,5795,21.17,10-01-2024,35.77,17,3,2,2025-08-30T07:19:30.243719
Anesthesia Machine,Drager V500,1716.64,31.66,97.62,0.26,0.391,1.78,Yes,35.07,Hospital F - East Region,213,19.48,30-04-2024,0.82,15,10,0,2025-08-30T07:19:30.249234
ECG Monitor,Hamilton G5,6485.24,39.85,98.61,0.186,0.201,1.55,Yes,44.94,Hospital D - Central Region,8121,16.79,20-08-2025,22.77,9,10,2,2025-08-30T07:19:30.255296
Anesthesia Machine,Fresenius 4008,1550.84,23.6,119.18,0.692,0.526,3.3,No,50.13,Hospital F - West Region,8606,17.8,28-11-2024,23.19,15,20,0,2025-08-30T07:19:30.261558
Infusion Pump,GE Aisys,9405.17,39.54,107.9,0.049,0.567,1.03,Yes,26.21,Hospital C - North Region,835,17.33,28-11-2024,12.63,13,10,0,2025-08-30T07:19:30.267549
Dialysis Machine,GE Revolution,5783.4,20.86,93.6,0.438,0.74,4.51,Yes,69.54,Hospital A - East Region,7697,23.13,31-12-2023,24.58,15,11,0,2025-08-30T07:19:30.317723
Patient Ventilator,GE Revolution,5921.56,27.88,107.96,0.93,0.646,2.71,Yes,29.28,Hospital F - South Region,3790,21.67,24-03-2025,14.57,0,5,0,2025-08-30T07:19:30.323449
Infusion Pump,NxStage System One,1044.54,31.39,119.62,0.022,1.145,3.5,Yes,48.99,Hospital F - West Region,908,4.82,30-06-2024,3.33,14,1,1,2025-08-30T07:19:30.329283
Dialysis Machine,Smiths Medfusion,2454.32,23.74,91.68,0.838,1.276,1.21,Yes,59.62,Hospital A - South Region,9299,15.36,12-12-2024,30.54,7,3,2,2025-08-30T07:19:30.334775
Infusion Pump,NxStage System One,1259.11,38.52,117.81,0.684,0.609,3.56,No,54.75,Hospital B - South Region,7301,11.9,10-10-2023,33.99,18,20,1,2025-08-30T07:19:30.341458
Patient Ventilator,Smiths Medfusion,4741.11,30.26,118.62,0.455,1.221,0.47,No,25.58,Hospital C - West Region,8377,13.05,18-04-2025,6.54,6,9,0,2025-08-30T07:19:30.347296
ECG Monitor,Philips HeartStrart,7321.84,29.41,108.5,0.599,0.54,1.71,Yes,25.31,Hospital H - Central Region,6221,3.94,22-09-2023,22.65,17,19,2,2025-08-30T07:19:30.353075
Anesthesia Machine,Puritan Bennett 980,2587.32,21.35,104.09,0.886,0.515,2.65,Yes,34.69,Hospital A - South Region,2322,17.52,04-03-2024,29.0,19,6,2,2025-08-30T07:19:30.358699
Dialysis Machine,NxStage System One,8629.91,25.22,115.08,0.662,0.498,3.62,No,58.46,Hospital F - South Region,3755,24.58,18-02-2025,35.14,3,18,0,2025-08-30T07:19:30.364537
Infusion Pump,Drager V500,2042.69,38.85,110.2,0.375,0.959,1.57,No,44.58,Hospital H - West Region,10504,11.32,12-12-2024,31.04,6,4,2,2025-08-30T07:19:30.370184
ECG Monitor,GE Aisys,2940.57,36.83,110.68,0.404,1.449,0.89,No,49.82,Hospital G - East Region,11611,16.98,22-07-2025,18.82,3,7,2,2025-08-30T07:19:30.515846
Anesthesia Machine,Drager Fabius Trio,798.03,22.11,112.61,0.708,1.208,1.19,Yes,23.52,Hospital A - West Region,1360,3.58,28-02-2024,24.36,12,0,1,2025-08-30T07:19:30.521168
Defibrillator,Phillips PageWriter,8886.51,31.64,91.88,0.736,1.117,2.81,No,29.89,Hospital D - North Region,4380,10.01,12-05-2024,18.68,3,11,0,2025-08-30T07:19:30.527020
Anesthesia Machine,HeartStart FRx,9351.19,26.4,100.44,0.493,1.316,3.18,No,62.9,Hospital D - South Region,537,9.81,15-11-2023,27.26,18,13,0,2025-08-30T07:19:30.532886
Patient Ventilator,Alaris GH,7678.96,27.23,97.62,0.944,0.407,2.95,Yes,63.94,Hospital C - East Region,2106,11.7,07-03-2025,20.28,19,17,0,2025-08-30T07:19:30.538720
Dialysis Machine,Philips HeartStrart,4395.73,31.32,119.73,0.644,1.365,0.76,Yes,53.01,Hospital F - North Region,4463,25.43,15-06-2025,0.56,0,12,0,2025-08-30T07:19:30.544700
Ultrasound Machine,NxStage System One,5931.98,23.88,103.43,0.965,1.207,4.13,No,66.35,Hospital B - East Region,7918,7.73,04-09-2023,24.82,19,16,0,2025-08-30T07:19:30.550700
Defibrillator,Fresenius 4008,840.35,17.67,100.66,0.852,1.305,4.4,No,49.4,Hospital F - East Region,901,10.36,13-11-2023,17.59,6,3,2,2025-08-30T07:19:30.556406
CT Scanner,Drager V500,6690.25,33.76,119.67,0.635,1.387,1.02,Yes,26.68,Hospital C - Central Region,8553,18.7,09-10-2023,18.96,6,6,0,2025-08-30T07:19:30.562339
Infusion Pump,GE Aisys,9318.29,25.23,116.39,0.208,0.468,2.12,No,39.89,Hospital A - South Region,3263,20.38,21-11-2023,34.01,10,20,0,2025-08-30T07:19:30.568146
Dialysis Machine,Fresenius 4008,5938.57,38.42,111.06,0.314,1.325,2.76,Yes,36.13,Hospital G - West Region,3299,14.15,11-08-2024,21.09,9,4,0,2025-08-30T07:19:30.629544
Anesthesia Machine,NxStage System One,7600.19,26.69,110.3,0.799,0.199,2.68,Yes,63.44,Hospital H - South Region,11229,2.79,09-03-2025,33.33,6,13,0,2025-08-30T07:19:30.635403
Anesthesia Machine,GE MAC 2000,5245.38,18.88,112.27,0.37,0.592,0.51,No,20.51,Hospital G - Central Region,7645,9.03,10-02-2025,12.73,9,14,0,2025-08-30T07:19:30.641144
Dialysis Machine,Siemens Acuson,4096.82,19.51,99.68,0.447,1.184,3.97,Yes,41.76,Hospital F - West Region,7917,17.98,17-07-2024,14.28,15,8,0,2025-08-30T07:19:30.646662
CT Scanner,Hamilton G5,721.39,20.59,93.84,0.463,1.375,3.99,Yes,25.3,Hospital D - East Region,9169,25.44,11-08-2025,5.65,2,0,1,2025-08-30T07:19:30.652333
Patient Ventilator,GE Revolution,2342.85,25.96,98.03,0.166,1.482,4.51,Yes,33.57,Hospital C - West Region,957,13.5,20-04-2025,4.41,4,9,0,2025-08-30T07:19:30.657957
ECG Monitor,Drager Fabius Trio,2404.79,21.01,112.75,0.305,1.342,1.61,No,51.99,Hospital F - North Region,7072,13.87,15-09-2024,31.56,17,12,2,2025-08-30T07:19:30.663563
CT Scanner,Hamilton G5,6701.37,37.85,116.09,0.13,0.995,1.24,Yes,25.29,Hospital G - West Region,7320,3.58,27-02-2025,7.21,8,22,2,2025-08-30T07:19:30.669219
Defibrillator,HeartStart FRx,5914.52,31.1,111.73,0.795,1.36,0.61,No,36.6,Hospital B - North Region,2216,14.72,14-10-2023,20.61,14,3,0,2025-08-30T07:19:30.674784
Ultrasound Machine,Baxter Flo-Gard,2984.19,34.87,90.86,0.151,0.888,1.38,No,31.49,Hospital B - East Region,1093,24.77,25-12-2024,35.66,9,0,1,2025-08-30T07:19:30.680531
ECG Monitor,Siemens Acuson,743.83,36.96,104.55,0.968,0.621,2.72,No,51.14,Hospital B - West Region,8721,22.4,15-05-2024,14.44,10,12,2,2025-08-30T07:19:30.752068
ECG Monitor,GE MAC 2000,4732.53,25.02,96.18,0.143,0.13,0.8,No,26.1,Hospital F - Central Region,11518,8.92,27-03-2024,32.07,12,15,2,2025-08-30T07:19:30.757955
CT Scanner,Philips EPIQ,4558.68,27.24,112.09,0.649,0.354,0.28,Yes,40.83,Hospital F - North Region,1084,15.49,12-11-2024,13.23,9,11,0,2025-08-30T07:19:30.764095
CT Scanner,Fresenius 4008,4899.91,16.88,90.49,0.8,1.356,3.25,Yes,42.26,Hospital H - North Region,10902,12.83,13-04-2025,7.55,10,3,0,2025-08-30T07:19:30.769881
Anesthesia Machine,GE Aisys,7790.28,22.89,92.67,0.971,0.682,3.85,Yes,33.53,Hospital F - East Region,7259,4.63,10-02-2024,29.09,0,7,0,2025-08-30T07:19:30.775579
Patient Ventilator,Phillips PageWriter,7858.59,28.51,117.04,0.283,0.172,2.58,No,36.53,Hospital D - Central Region,1888,10.64,28-06-2024,21.32,6,4,0,2025-08-30T07:19:30.782072
Dialysis Machine,Datex Ohmeda S5,1994.63,23.15,114.39,0.288,0.499,3.85,Yes,35.94,Hospital H - Central Region,9717,6.34,23-11-2024,20.68,11,12,0,2025-08-30T07:19:30.787966
ECG Monitor,Hamilton G5,8602.3,29.0,106.08,0.589,0.366,2.44,Yes,62.22,Hospital E - West Region,2073,16.05,13-01-2025,12.63,18,4,2,2025-08-30T07:19:30.794112
Dialysis Machine,Baxter Flo-Gard,6120.04,25.22,102.88,0.086,1.17,4.42,No,63.57,Hospital F - West Region,11594,23.69,16-09-2024,30.02,2,12,0,2025-08-30T07:19:30.799781
Defibrillator,Puritan Bennett 980,2472.58,34.47,104.45,0.852,0.349,1.67,Yes,57.95,Hospital F - West Region,8450,1.59,10-11-2024,31.38,3,8,0,2025-08-30T07:19:30.805261
CT Scanner,Philips HeartStrart,6928.13,37.89,93.26,0.546,0.473,2.98,No,45.01,Hospital H - East Region,7946,16.84,26-02-2025,7.51,14,5,0,2025-08-30T07:19:30.858911
Defibrillator,Drager Fabius Trio,6122.13,18.98,96.07,0.079,1.334,3.28,Yes,28.09,Hospital C - North Region,5131,22.52,04-09-2023,4.52,15,18,0,2025-08-30T07:19:30.864684
Infusion Pump,HeartStart FRx,2315.02,37.81,116.52,0.209,0.817,4.38,No,28.4,Hospital F - Central Region,9977,4.77,29-12-2023,7.63,12,14,0,2025-08-30T07:19:30.870557
ECG Monitor,Hamilton G5,9591.77,24.6,106.11,0.555,0.255,1.7,No,61.48,Hospital D - South Region,11711,17.58,13-02-2024,27.91,19,17,2,2025-08-30T07:19:30.876357
Infusion Pump,GE MAC 2000,4652.01,34.38,112.7,0.616,0.6,0.55,No,26.65,Hospital H - West Region,2199,8.27,29-06-2024,24.22,18,3,0,2025-08-30T07:19:30.882188
ECG Monitor,Fresenius 4008,1929.4,29.69,117.49,0.501,1.195,1.95,No,68.01,Hospital A - East Region,8671,8.39,16-12-2024,34.5,7,6,2,2025-08-30T07:19:30.887900
Dialysis Machine,Lifepak 20,3221.13,36.0,96.42,0.849,0.697,4.01,No,52.1,Hospital F - North Region,639,13.43,20-06-2025,29.15,10,3,2,2025-08-30T07:19:30.893476
Patient Ventilator,Datex Ohmeda S5,7910.53,16.91,105.44,0.798,0.966,2.81,No,66.35,Hospital A - North Region,1571,10.67,08-03-2025,12.35,0,22,0,2025-08-30T07:19:30.899090
Ultrasound Machine,Phillips PageWriter,9091.63,24.95,101.63,0.306,0.218,2.47,Yes,69.28,Hospital A - Central Region,3640,1.48,14-03-2024,30.97,18,19,0,2025-08-30T07:19:31.004870
Infusion Pump,Baxter AK 96,2595.3,21.58,101.95,0.032,0.758,0.16,Yes,41.8,Hospital A - West Region,447,8.83,12-07-2025,20.27,14,11,0,2025-08-30T07:19:31.010317
Ultrasound Machine,GE Aisys,3242.34,16.27,111.7,0.225,1.424,2.17,Yes,56.71,Hospital D - North Region,11229,23.15,07-04-2025,18.94,5,3,2,2025-08-30T07:19:31.356965
Infusion Pump,Siemens S2000,6924.06,32.36,112.3,0.653,1.34,4.29,Yes,25.71,Hospital G - Central Region,7520,26.34,15-07-2025,32.25,4,19,0,2025-08-30T07:19:31.461989
Anesthesia Machine,GE MAC 2000,9132.82,31.95,107.04,0.763,0.541,3.44,Yes,52.23,Hospital D - Central Region,11254,20.52,04-04-2025,24.18,12,19,0,2025-08-30T07:19:31.467164
Defibrillator,Philips HeartStrart,1320.16,36.81,100.33,0.998,1.344,0.01,No,38.38,Hospital A - Central Region,1771,12.22,06-06-2025,17.76,19,11,0,2025-08-30T07:19:31.472479
CT Scanner,Fresenius 4008,4219.81,38.11,115.7,0.616,0.308,3.18,Yes,59.35,Hospital G - Central Region,5223,10.83,02-03-2024,27.65,4,3,0,2025-08-30T07:19:31.677588
Infusion Pump,Drager Fabius Trio,1611.36,24.4,118.1,0.551,0.103,2.25,No,33.91,Hospital E - East Region,2624,14.74,02-02-2024,20.3,12,10,0,2025-08-30T07:19:31.682464
CT Scanner,GE MAC 2000,2312.82,31.55,105.59,0.962,0.587,4.32,No,59.26,Hospital B - West Region,879,1.46,15-04-2025,5.56,9,21,0,2025-08-30T07:19:31.888203
CT Scanner,NxStage System One,9064.78,23.08,97.15,0.694,0.256,2.47,No,46.6,Hospital H - West Region,4967,17.61,08-10-2023,3.83,14,1,0,2025-08-30T07:19:31.892977
ECG Monitor,Puritan Bennett 980,5895.89,21.96,107.84,0.954,0.373,1.26,No,65.5,Hospital H - Central Region,4169,22.92,08-09-2024,5.59,11,4,2,2025-08-30T07:19:32.299905
CT Scanner,Drager V500,3064.27,29.62,99.54,0.196,0.667,4.72,No,40.84,Hospital E - South Region,8622,19.53,21-06-2025,26.48,8,0,1,2025-08-30T07:19:32.304840
CT Scanner,Smiths Medfusion,8972.36,17.86,109.25,0.467,0.118,2.16,Yes,24.04,Hospital G - South Region,213,18.82,17-03-2024,7.91,8,8,0,2025-08-30T08:37:09.749865
CT Scanner,Zoll R Series,9712.34,33.9,117.7,0.895,1.328,3.99,Yes,57.99,Hospital H - North Region,10102,20.02,01-01-2025,28.56,8,6,0,2025-08-30T08:37:09.770050
Dialysis Machine,Alaris GH,9314.12,34.34,115.7,0.568,0.778,1.12,Yes,32.55,Hospital F - South Region,3694,26.22,04-01-2025,4.41,15,10,0,2025-08-30T08:37:10.086183
ECG Monitor,Siemens S2000,5142.88,17.86,92.43,0.143,1.442,1.68,No,54.39,Hospital B - North Region,671,17.21,17-04-2025,35.83,5,6,2,2025-08-30T08:37:10.102981
Dialysis Machine,Philips EPIQ,1358.58,32.0,109.5,0.583,0.34,1.84,No,59.56,Hospital H - Central Region,5953,20.57,29-05-2024,18.23,2,17,0,2025-08-30T08:37:10.119940
Defibrillator,Siemens S2000,963.55,32.25,118.74,0.61,0.606,2.49,Yes,40.83,Hospital D - East Region,3599,23.15,03-06-2024,35.08,6,4,2,2025-08-30T08:37:10.235183
Ultrasound Machine,Puritan Bennett 980,4918.73,17.11,108.93,0.296,1.307,2.09,No,56.6,Hospital C - East Region,3803,2.69,26-10-2024,22.93,5,13,0,2025-08-30T08:37:10.250553
Defibrillator,Zoll R Series,8872.84,24.07,102.29,0.074,1.337,3.54,Yes,64.68,Hospital B - South Region,7451,5.13,31-01-2025,34.56,3,4,0,2025-08-30T08:37:10.365854
Ultrasound Machine,Siemens S2000,3725.8,22.05,106.92,0.679,0.576,2.0,Yes,60.99,Hospital H - West Region,11335,13.05,31-05-2024,26.65,14,4,0,2025-08-30T08:37:10.381132
Infusion Pump,Siemens S2000,1935.95,35.57,97.55,0.431,0.703,2.47,Yes,52.51,Hospital A - East Region,4656,7.07,03-05-2025,2.56,8,21,0,2025-08-30T08:37:10.597714
Anesthesia Machine,GE Revolution,407.68,18.19,110.77,0.938,0.622,4.61,Yes,34.41,Hospital F - West Region,10775,22.97,13-04-2025,7.74,19,12,0,2025-08-30T08:37:11.696607
Ultrasound Machine,GE Logiq E9,2137.84,30.27,96.62,0.004,1.171,3.48,No,48.82,Hospital F - Central Region,10750,25.85,15-10-2023,5.47,11,17,0,2025-08-30T08:37:11.718731
CT Scanner,GE Logiq E9,8800.42,16.93,93.97,0.7,0.598,4.54,Yes,53.8,Hospital B - North Region,2032,7.66,16-08-2024,12.88,17,14,0,2025-08-30T08:37:11.736605
Dialysis Machine,Drager V500,212.86,39.6,93.38,0.236,0.603,4.8,No,67.46,Hospital A - West Region,5952,19.98,22-03-2025,26.22,3,0,1,2025-08-30T08:37:11.755659
ECG Monitor,Baxter AK 96,3004.77,20.9,102.64,0.193,0.212,0.46,No,24.8,Hospital H - East Region,6831,18.49,05-09-2024,2.27,11,10,2,2025-08-30T08:37:11.773548
CT Scanner,Alaris GH,3774.8,38.66,97.68,0.94,0.645,3.26,Yes,63.04,Hospital D - Central Region,622,9.76,05-04-2025,18.37,14,3,0,2025-08-30T08:37:11.792934
Anesthesia Machine,Siemens S2000,2164.89,33.15,105.7,0.791,1.387,1.85,Yes,35.91,Hospital B - Central Region,10388,24.9,14-07-2024,27.53,15,17,0,2025-08-30T08:37:11.813421
Ultrasound Machine,Fresenius 4008,4921.88,19.8,90.35,0.87,1.323,0.73,No,67.91,Hospital C - East Region,2315,15.63,22-02-2024,29.73,8,6,0,2025-08-30T08:37:11.858466
Infusion Pump,GE Logiq E9,7737.07,38.39,103.71,0.114,0.714,2.08,Yes,20.24,Hospital G - North Region,3503,13.48,12-07-2025,30.7,13,5,0,2025-08-30T08:37:11.906386
Ultrasound Machine,Philips EPIQ,7523.72,20.0,117.63,0.095,1.397,1.54,Yes,45.87,Hospital B - North Region,5087,13.07,28-11-2023,0.5,18,2,0,2025-08-30T08:37:11.943587
Ultrasound Machine,Baxter Flo-Gard,5314.06,33.1,112.34,0.821,0.729,2.38,Yes,39.22,Hospital H - Central Region,3933,1.68,10-07-2024,32.86,10,3,0,2025-08-30T08:37:12.100605
Infusion Pump,GE Aisys,5720.61,18.25,93.75,0.932,0.752,0.74,No,20.89,Hospital B - West Region,4406,18.69,18-03-2024,7.85,16,2,1,2025-08-30T08:37:12.138539
Patient Ventilator,Baxter AK 96,2579.78,38.8,116.23,0.369,1.005,3.85,Yes,66.63,Hospital C - South Region,380,4.29,03-04-2025,26.78,12,14,0,2025-08-30T08:37:12.184251
ECG Monitor,GE Logiq E9,3836.27,22.1,111.43,0.277,0.618,4.96,Yes,22.58,Hospital H - North Region,1056,23.04,13-03-2024,7.44,11,19,2,2025-08-30T08:37:12.225242
CT Scanner,Phillips PageWriter,6881.13,24.78,113.81,0.007,0.392,0.89,No,25.26,Hospital E - South Region,4432,13.07,14-10-2023,22.09,8,19,0,2025-08-30T08:37:12.259677
Patient Ventilator,Drager Fabius Trio,1484.29,16.94,98.01,0.039,0.496,4.03,Yes,55.34,Hospital A - Central Region,2616,13.72,22-08-2025,0.46,3,10,0,2025-08-30T08:37:12.302410
Ultrasound Machine,Hamilton G5,9060.93,35.92,91.58,0.101,0.57,0.45,No,45.64,Hospital H - South Region,4305,8.95,11-03-2024,20.87,0,11,2,2025-08-30T08:37:12.340613
Infusion Pump,Drager Fabius Trio,573.57,18.52,96.96,0.5,0.221,0.21,Yes,28.09,Hospital D - Central Region,3259,16.29,18-11-2024,18.76,14,11,0,2025-08-30T08:37:12.385434
CT Scanner,Siemens Acuson,5870.7,20.03,100.51,0.359,0.284,0.21,Yes,37.35,Hospital B - North Region,4052,4.49,26-02-2025,20.55,16,6,0,2025-08-30T08:37:12.512590
Anesthesia Machine,Datex Ohmeda S5,3052.75,26.34,119.48,0.848,0.973,0.54,Yes,65.71,Hospital G - East Region,6621,26.02,26-06-2025,31.5,3,7,0,2025-08-30T08:37:12.733910
Defibrillator,GE Aisys,7696.7,20.45,118.01,0.661,0.758,2.73,No,38.68,Hospital C - South Region,971,13.69,07-04-2024,30.32,3,11,0,2025-08-30T08:37:12.887626
Infusion Pump,Hamilton G5,7948.86,30.39,93.9,0.836,1.383,0.08,Yes,51.61,Hospital B - East Region,10967,10.95,03-03-2025,31.14,8,12,2,2025-08-30T08:37:12.930372
Dialysis Machine,Drager V500,4026.86,25.03,100.2,0.218,0.683,1.27,Yes,22.52,Hospital A - Central Region,361,6.35,26-09-2023,35.62,2,9,0,2025-08-30T08:37:12.957868
ECG Monitor,Zoll R Series,9584.95,20.41,113.96,0.095,0.636,4.07,Yes,22.28,Hospital D - North Region,9194,8.91,13-01-2024,10.99,19,11,2,2025-08-30T08:37:13.083099
Dialysis Machine,Siemens S2000,4240.51,22.08,102.22,0.382,0.5,0.89,Yes,33.68,Hospital C - South Region,10976,1.94,26-02-2025,0.44,18,22,0,2025-08-30T08:37:13.206298
Defibrillator,Baxter AK 96,8838.95,30.88,117.07,0.3,0.382,2.61,Yes,44.55,Hospital H - West Region,5715,8.2,09-05-2024,32.44,12,5,0,2025-08-30T08:37:13.238254
CT Scanner,Baxter Flo-Gard,8673.26,38.24,106.48,0.815,1.476,4.17,No,56.31,Hospital B - East Region,4350,25.99,07-12-2024,16.53,6,6,0,2025-08-30T08:37:13.452788
Anesthesia Machine,Lifepak 20,5476.87,31.99,100.9,0.164,0.269,3.01,No,39.5,Hospital F - East Region,3607,10.96,15-04-2024,13.55,17,18,0,2025-08-30T08:37:13.492730
CT Scanner,Philips Ingenuity,1797.71,20.86,95.35,0.898,1.182,2.46,No,30.64,Hospital G - South Region,7042,18.4,01-04-2025,2.94,19,5,2,2025-08-30T08:37:13.620685
ECG Monitor,Fresenius 4008,7784.28,25.86,103.1,0.459,0.506,3.5,Yes,41.2,Hospital H - Central Region,7967,19.61,22-09-2023,32.0,11,5,2,2025-08-30T08:37:13.654561
Ultrasound Machine,Lifepak 20,4414.15,24.79,103.34,0.924,0.928,4.73,Yes,42.47,Hospital D - West Region,4534,14.22,09-06-2025,1.08,18,17,0,2025-08-30T08:37:13.818865
Infusion Pump,Baxter AK 96,1073.99,33.47,107.82,0.156,1.106,1.09,No,69.95,Hospital G - South Region,2432,21.25,16-02-2024,29.19,18,5,2,2025-08-30T08:37:13.868919
Ultrasound Machine,Baxter Flo-Gard,6403.24,21.78,92.58,0.338,0.899,4.54,No,39.83,Hospital B - North Region,2788,13.82,10-07-2024,6.04,4,5,0,2025-08-30T08:37:13.997069
Patient Ventilator,Philips Ingenuity,1925.51,20.83,105.5,0.562,0.507,1.26,No,26.38,Hospital B - East Region,2577,18.4,08-09-2024,33.31,19,22,0,2025-08-30T08:37:14.224628
ECG Monitor,Fresenius 4008,9199.2,24.34,102.76,0.778,0.749,4.79,No,63.45,Hospital C - North Region,8158,9.96,10-07-2025,22.51,6,0,1,2025-08-30T08:37:14.260922
Anesthesia Machine,HeartStart FRx,1816.51,32.02,110.2,0.035,1.177,0.41,Yes,54.59,Hospital D - North Region,700,10.58,02-05-2024,15.7,7,7,2,2025-08-30T08:37:14.387965
Ultrasound Machine,GE MAC 2000,4215.32,28.57,107.33,0.424,1.06,1.42,No,28.32,Hospital F - East Region,3402,25.67,09-02-2024,25.52,11,18,0,2025-08-30T08:37:14.428576
Defibrillator,GE Aisys,5149.34,38.2,100.43,0.626,0.613,4.93,No,45.04,Hospital G - West Region,8662,23.92,13-11-2024,28.2,5,9,0,2025-08-30T08:37:14.558525
ECG Monitor,Hamilton G5,1790.75,36.24,116.86,0.233,1.392,0.45,No,29.11,Hospital E - East Region,5947,18.98,27-02-2025,13.26,3,9,2,2025-08-30T08:37:14.605847
Ultrasound Machine,GE Aisys,6650.59,23.72,95.48,0.842,0.524,2.53,No,55.53,Hospital E - North Region,10982,16.91,09-08-2024,18.11,17,11,0,2025-08-30T08:37:14.732286
Infusion Pump,Philips Ingenuity,7758.0,19.95,115.41,0.226,0.595,4.16,Yes,26.61,Hospital E - Central Region,370,11.76,23-05-2025,15.47,8,10,0,2025-08-30T08:37:14.908522
Anesthesia Machine,HeartStart FRx,2424.79,31.73,91.41,0.506,0.174,0.84,Yes,62.31,Hospital E - North Region,5491,25.59,30-04-2025,11.36,19,18,0,2025-08-30T08:37:14.961191
Dialysis Machine,Siemens Acuson,3308.05,33.49,108.06,0.736,0.2,1.83,Yes,44.32,Hospital H - East Region,3585,17.62,07-03-2024,32.32,19,2,2,2025-08-30T08:37:15.085329
Anesthesia Machine,NxStage System One,2006.63,33.41,111.84,0.309,1.255,1.67,No,55.38,Hospital E - East Region,9436,4.67,20-04-2025,27.18,11,20,0,2025-08-30T08:37:15.119918
CT Scanner,Baxter AK 96,9039.54,32.52,96.32,0.19,1.453,2.49,No,23.97,Hospital D - West Region,935,8.03,04-10-2023,9.69,15,13,0,2025-08-30T08:37:15.243511
CT Scanner,GE Revolution,9725.01,23.02,113.68,0.589,1.273,1.41,No,64.75,Hospital A - East Region,1590,4.4,26-11-2024,32.48,4,16,0,2025-08-30T08:37:15.468019
Patient Ventilator,Smiths Medfusion,3779.91,32.77,115.63,0.652,1.123,3.1,Yes,61.03,Hospital H - Central Region,8608,18.06,27-11-2024,20.9,17,1,0,2025-08-30T08:37:15.503390
Ultrasound Machine,Philips HeartStrart,9363.14,17.07,105.34,0.124,0.695,4.01,No,21.25,Hospital H - West Region,9218,1.1,16-12-2023,11.6,1,20,0,2025-08-30T08:37:15.629385
Patient Ventilator,Smiths Medfusion,4959.36,24.12,119.2,0.171,1.254,3.78,Yes,45.73,Hospital G - North Region,6134,12.17,04-02-2024,30.99,3,8,0,2025-08-30T08:37:15.675875
Defibrillator,Datex Ohmeda S5,6725.27,28.04,92.68,0.29,0.459,4.09,Yes,39.32,Hospital G - South Region,6838,11.65,06-12-2023,28.38,15,6,0,2025-08-30T08:37:15.804938
CT Scanner,Baxter Flo-Gard,1416.36,30.32,93.21,0.664,0.624,4.03,No,37.12,Hospital A - South Region,3936,21.14,04-11-2024,28.02,16,11,0,2025-08-30T08:37:15.974102
Patient Ventilator,Baxter Flo-Gard,4351.44,28.69,103.27,0.652,0.527,1.01,No,43.8,Hospital B - North Region,1159,6.3,04-08-2025,17.74,9,11,0,2025-08-30T08:37:16.017112
Anesthesia Machine,GE Revolution,5443.14,18.56,109.04,0.28,0.651,1.64,No,24.93,Hospital B - Central Region,5909,7.25,05-08-2024,8.72,3,18,0,2025-08-30T08:37:16.151623
ECG Monitor,GE Aisys,1323.47,18.69,101.88,0.866,1.292,1.69,No,51.13,Hospital F - West Region,6841,11.3,14-06-2025,34.54,9,8,2,2025-08-30T08:37:16.200415
Infusion Pump,Philips Ingenuity,1457.21,27.35,112.49,0.842,1.307,3.95,No,61.45,Hospital D - South Region,6456,13.03,25-10-2024,9.7,8,20,1,2025-08-30T08:37:16.325756
Defibrillator,Siemens Acuson,3754.79,30.84,104.8,0.484,0.719,3.02,No,37.05,Hospital H - South Region,3109,9.69,30-06-2025,5.91,7,22,0,2025-08-30T08:37:16.369413
Dialysis Machine,Puritan Bennett 980,4012.49,35.45,112.07,0.655,0.653,2.79,Yes,48.46,Hospital H - Central Region,10971,10.81,21-04-2025,26.68,2,4,2,2025-08-30T08:37:16.497061
Defibrillator,Alaris GH,1470.26,21.59,90.9,0.983,1.207,0.72,Yes,55.93,Hospital C - North Region,5850,26.16,09-05-2024,25.75,18,5,2,2025-08-30T08:37:16.544813
CT Scanner,Siemens Acuson,2046.34,32.88,113.3,0.39,1.235,4.76,No,30.07,Hospital A - South Region,1017,8.84,16-07-2024,1.92,3,19,0,2025-08-30T08:37:16.675293
Anesthesia Machine,Fresenius 4008,2415.53,22.76,113.77,0.094,1.308,2.99,No,27.79,Hospital F - West Region,2463,4.36,03-10-2023,24.03,16,4,2,2025-08-30T08:37:16.900574
CT Scanner,Baxter AK 96,5403.11,20.37,113.28,0.658,1.327,1.88,No,52.88,Hospital A - Central Region,5921,22.65,23-09-2024,4.02,15,11,0,2025-08-30T08:37:17.064047
Dialysis Machine,Lifepak 20,4669.52,29.43,113.54,0.289,0.413,3.33,Yes,35.23,Hospital A - West Region,4195,26.33,25-08-2025,2.09,10,9,0,2025-08-30T08:37:17.106246
Ultrasound Machine,Lifepak 20,6650.76,22.84,114.74,0.714,0.445,0.01,Yes,68.91,Hospital C - West Region,9411,0.56,12-12-2023,9.39,0,11,0,2025-08-30T08:37:17.153531
Patient Ventilator,Baxter AK 96,5966.04,24.54,102.73,0.173,1.222,3.12,Yes,47.65,Hospital G - North Region,9784,20.81,09-05-2024,33.5,1,0,1,2025-08-30T08:37:17.368813
Anesthesia Machine,Smiths Medfusion,1492.58,28.42,90.8,0.569,1.408,3.19,Yes,56.78,Hospital D - North Region,7022,24.27,07-06-2024,6.18,10,18,1,2025-08-30T08:37:17.495509
Patient Ventilator,Philips EPIQ,4667.32,27.1,109.88,0.662,1.123,1.83,No,34.65,Hospital F - Central Region,11866,11.11,10-12-2024,32.0,0,4,2,2025-08-30T08:37:17.531956
CT Scanner,Philips Ingenuity,6682.39,37.45,103.54,0.864,1.035,3.16,Yes,44.37,Hospital F - South Region,6096,12.01,13-03-2024,20.28,0,18,0,2025-08-30T08:37:17.585138
Ultrasound Machine,Drager Fabius Trio,7831.56,18.83,110.31,0.722,0.845,3.42,No,20.94,Hospital E - South Region,6233,4.86,18-12-2023,11.03,16,11,0,2025-08-30T08:37:17.710577
Patient Ventilator,Zoll R Series,1111.67,34.75,119.97,0.265,0.345,3.29,No,47.15,Hospital E - East Region,11771,9.77,12-06-2025,18.85,5,8,0,2025-08-30T08:37:17.747763
Defibrillator,Baxter AK 96,186.55,35.93,103.43,0.682,0.557,1.1,No,20.68,Hospital B - South Region,7440,17.3,29-05-2025,11.33,10,22,0,2025-08-30T08:37:17.874036
Ultrasound Machine,Drager V500,8103.19,34.95,103.93,0.526,1.154,4.9,No,49.82,Hospital A - South Region,1966,24.78,10-08-2025,9.7,11,22,0,2025-08-30T08:37:18.019344
Defibrillator,Fresenius 4008,1109.47,24.76,92.7,0.523,0.115,3.49,Yes,66.03,Hospital C - South Region,7307,1.45,22-05-2024,11.02,5,7,2,2025-08-30T08:37:18.067719
Dialysis Machine,Phillips PageWriter,4123.59,25.13,116.02,0.023,1.235,4.95,No,21.88,Hospital D - North Region,9619,24.02,09-05-2024,12.0,13,21,0,2025-08-30T08:37:18.297021
Anesthesia Machine,Baxter Flo-Gard,3215.99,26.99,107.52,0.473,0.829,2.83,Yes,42.37,Hospital B - North Region,3343,20.08,30-06-2025,21.66,2,19,0,2025-08-30T08:37:18.334669
Defibrillator,Fresenius 4008,496.63,26.63,102.65,0.765,0.879,3.65,Yes,69.55,Hospital F - West Region,5546,6.2,11-06-2024,27.98,15,2,1,2025-08-30T08:37:18.461077
Patient Ventilator,Phillips PageWriter,7629.87,28.35,91.14,0.259,1.065,3.3,No,36.75,Hospital D - East Region,4268,17.03,21-08-2025,4.74,11,15,0,2025-08-30T08:37:18.510993
Defibrillator,NxStage System One,5717.58,38.35,116.74,0.169,0.634,4.74,Yes,64.59,Hospital G - East Region,5807,1.46,29-01-2024,4.44,7,2,0,2025-08-30T08:37:18.636922
Defibrillator,Puritan Bennett 980,7479.47,32.37,93.46,0.449,0.141,4.0,Yes,62.25,Hospital E - East Region,2819,16.4,16-03-2025,24.02,2,0,1,2025-08-30T08:37:18.763272
Anesthesia Machine,Philips EPIQ,2485.11,16.76,119.89,0.521,1.498,2.21,Yes,21.7,Hospital C - Central Region,8928,0.33,16-10-2023,29.85,9,2,2,2025-08-30T08:37:18.813950
Defibrillator,Siemens Acuson,5134.86,29.47,93.6,0.929,0.897,3.81,Yes,43.45,Hospital D - South Region,3513,9.24,26-10-2023,29.47,4,4,0,2025-08-30T08:37:19.041380
CT Scanner,NxStage System One,5229.81,18.47,106.64,0.374,1.085,3.6,Yes,28.04,Hospital C - South Region,6668,26.25,14-01-2024,14.45,2,12,0,2025-08-30T08:37:19.201782
Dialysis Machine,Hamilton G5,9256.78,17.57,112.15,0.679,0.638,1.64,Yes,69.88,Hospital E - North Region,1472,3.46,02-01-2024,34.26,14,3,2,2025-08-30T08:37:19.262347
Ultrasound Machine,Baxter Flo-Gard,8068.1,30.35,90.61,0.451,0.855,1.4,Yes,25.57,Hospital F - South Region,2607,1.95,02-05-2025,15.38,12,21,0,2025-08-30T08:37:19.300378
ECG Monitor,NxStage System One,5584.59,37.83,119.91,0.99,1.413,3.81,No,54.7,Hospital F - East Region,5893,22.02,23-01-2024,5.3,10,10,2,2025-08-30T08:37:19.346733
CT Scanner,Lifepak 20,8537.29,23.34,117.1,0.313,0.967,1.49,Yes,22.68,Hospital E - West Region,1190,5.47,07-01-2024,30.2,1,15,0,2025-08-30T08:37:19.471377
Infusion Pump,GE Logiq E9,4821.23,33.85,93.24,0.931,0.787,2.55,No,49.2,Hospital B - West Region,6529,14.7,15-09-2024,20.82,9,2,0,2025-08-30T08:37:19.514061
CT Scanner,Alaris GH,9548.42,23.4,109.14,0.902,0.844,0.61,No,53.11,Hospital D - North Region,1054,9.35,07-03-2024,0.4,6,22,0,2025-08-30T08:37:19.638762
Anesthesia Machine,GE MAC 2000,6652.42,39.17,90.77,0.96,0.395,3.58,No,58.61,Hospital A - Central Region,275,26.25,25-05-2025,28.3,11,8,0,2025-08-30T08:37:19.762570
Patient Ventilator,Hamilton G5,1120.2,19.87,95.43,0.872,1.209,4.98,No,66.81,Hospital A - East Region,4142,1.57,14-07-2024,20.95,16,7,2,2025-08-30T08:37:19.795682
Defibrillator,Siemens S2000,268.4,30.13,103.12,0.257,1.084,3.79,No,55.35,Hospital G - Central Region,2544,8.01,28-08-2024,34.19,15,7,2,2025-08-30T08:37:20.025488
ECG Monitor,Siemens S2000,3777.75,30.63,93.31,0.695,0.817,2.35,Yes,51.34,Hospital H - North Region,7381,1.83,06-11-2024,23.96,5,20,2,2025-08-30T08:50:35.485537
Defibrillator,Fresenius 4008,9832.41,34.31,92.26,0.728,0.751,0.31,No,46.79,Hospital D - South Region,5958,23.89,09-05-2024,15.61,16,1,0,2025-08-30T08:50:35.495476
Anesthesia Machine,Hamilton G5,447.2,33.54,116.24,0.856,1.026,2.64,No,42.59,Hospital C - South Region,3631,18.12,25-02-2024,11.68,7,22,2,2025-08-30T08:50:35.505767
CT Scanner,Drager V500,8931.17,26.48,92.67,0.293,1.015,4.82,No,68.37,Hospital H - East Region,4933,8.75,02-07-2025,0.86,4,16,0,2025-08-30T08:50:35.615786
Ultrasound Machine,GE Logiq E9,9987.12,32.09,105.84,0.226,0.794,4.52,No,44.78,Hospital E - South Region,4090,16.29,10-06-2025,3.96,19,17,0,2025-08-30T08:50:35.830857
Anesthesia Machine,Drager V500,2427.67,33.19,90.44,0.535,1.094,1.55,Yes,62.08,Hospital C - West Region,11246,23.8,15-06-2024,33.07,2,8,0,2025-08-30T08:50:35.844238
Infusion Pump,Hamilton G5,3503.82,26.19,95.1,0.097,0.495,4.97,Yes,27.68,Hospital H - West Region,9033,1.12,17-01-2024,6.25,14,9,2,2025-08-30T08:50:35.957841
CT Scanner,Baxter Flo-Gard,6439.28,29.6,116.44,0.707,0.388,4.2,Yes,29.22,Hospital H - North Region,3567,22.91,05-11-2023,20.14,4,21,0,2025-08-30T08:50:36.066628
Anesthesia Machine,GE Aisys,4221.69,29.5,98.3,0.414,0.81,2.09,No,30.69,Hospital B - West Region,2408,17.78,07-03-2024,10.56,13,8,0,2025-08-30T08:50:36.076698
Defibrillator,Puritan Bennett 980,2538.97,37.85,110.06,0.279,0.226,0.37,Yes,28.83,Hospital G - North Region,8350,0.35,22-08-2025,12.66,12,13,0,2025-08-30T08:50:36.292162
CT Scanner,Philips HeartStrart,5644.87,32.46,96.64,0.81,0.358,4.51,No,39.35,Hospital F - South Region,1105,8.63,08-02-2025,24.63,17,3,0,2025-08-30T08:50:37.044836
Dialysis Machine,GE Logiq E9,6918.08,22.02,112.85,0.194,0.589,3.51,No,23.17,Hospital F - East Region,8055,24.63,26-01-2024,8.65,8,17,0,2025-08-30T08:50:37.063331
Patient Ventilator,Baxter Flo-Gard,9311.64,18.18,93.88,0.523,1.027,4.91,Yes,57.71,Hospital A - Central Region,9764,18.63,08-06-2025,33.07,6,1,0,2025-08-30T08:50:37.075025
ECG Monitor,Philips Ingenuity,5276.28,34.64,118.27,0.428,0.976,4.32,No,29.37,Hospital C - West Region,5574,0.06,03-10-2023,22.07,6,2,2,2025-08-30T08:50:37.085726
ECG Monitor,Hamilton G5,4867.3,27.27,95.68,0.187,1.142,2.22,Yes,37.11,Hospital C - East Region,8498,20.51,11-09-2023,3.81,8,5,2,2025-08-30T08:50:37.095984
Infusion Pump,HeartStart FRx,3435.16,39.34,113.02,0.785,0.405,3.76,No,30.64,Hospital B - West Region,8060,11.23,30-10-2023,21.25,7,10,0,2025-08-30T08:50:37.106303
CT Scanner,Datex Ohmeda S5,692.69,26.09,100.58,0.003,1.42,0.72,Yes,33.17,Hospital D - East Region,9199,6.59,25-01-2025,1.32,3,0,1,2025-08-30T08:50:37.117704
CT Scanner,GE MAC 2000,7847.05,28.05,93.43,0.936,0.904,3.58,No,35.98,Hospital G - North Region,2173,15.82,16-04-2025,20.94,8,6,0,2025-08-30T08:50:37.128459
Defibrillator,Drager V500,7794.74,35.6,91.31,0.498,1.469,0.58,Yes,53.72,Hospital B - East Region,8117,25.95,22-11-2024,9.84,6,22,0,2025-08-30T08:50:37.139528
Patient Ventilator,Baxter Flo-Gard,7505.57,25.93,106.31,0.298,0.948,4.78,Yes,36.35,Hospital B - West Region,10926,26.15,12-05-2024,16.13,1,8,1,2025-08-30T08:50:37.353262
Anesthesia Machine,Siemens S2000,956.45,33.2,101.64,0.801,0.111,0.7,No,61.17,Hospital C - South Region,10584,3.18,28-04-2025,17.73,1,0,1,2025-08-30T08:50:37.463417
Anesthesia Machine,Phillips PageWriter,2479.58,36.31,99.44,0.911,0.121,4.33,No,20.28,Hospital C - East Region,7373,19.32,27-12-2023,10.49,6,22,0,2025-08-30T08:50:37.478663
Dialysis Machine,Baxter AK 96,5262.16,37.58,101.62,0.318,0.1,1.35,No,26.75,Hospital B - South Region,761,17.61,10-06-2025,33.73,3,1,0,2025-08-30T08:50:37.592231
ECG Monitor,Smiths Medfusion,2229.19,35.28,105.89,0.289,0.303,0.49,No,60.16,Hospital E - Central Region,888,16.76,16-04-2024,7.9,18,9,2,2025-08-30T08:50:37.603486
CT Scanner,GE MAC 2000,7223.71,39.26,101.73,0.523,0.423,1.23,Yes,57.89,Hospital D - South Region,3465,25.23,28-03-2025,28.36,19,5,0,2025-08-30T08:50:37.817480
Dialysis Machine,Alaris GH,3836.3,30.54,95.98,0.477,0.309,0.04,Yes,33.52,Hospital B - Central Region,6173,10.89,15-02-2024,23.25,8,3,0,2025-08-30T08:50:37.833415
Ultrasound Machine,Zoll R Series,5785.91,17.75,115.7,0.052,0.61,2.54,Yes,27.37,Hospital G - East Region,3375,24.79,23-08-2025,13.44,16,18,0,2025-08-30T08:50:37.942984
CT Scanner,GE MAC 2000,2027.45,35.58,96.57,0.076,0.683,1.84,Yes,60.84,Hospital A - East Region,9671,8.88,03-09-2023,20.45,9,5,2,2025-08-30T08:50:38.155827
ECG Monitor,GE MAC 2000,6313.29,22.77,111.33,0.569,0.468,3.93,No,25.72,Hospital C - Central Region,8115,18.75,11-01-2025,10.61,16,6,2,2025-08-30T08:50:38.173058
Defibrillator,Drager V500,5582.55,28.84,110.7,0.075,0.422,4.42,No,26.74,Hospital D - East Region,533,26.31,15-03-2024,26.59,13,10,0,2025-08-30T08:50:38.281491
Defibrillator,GE Logiq E9,2098.04,16.35,118.87,0.039,1.235,3.8,Yes,67.06,Hospital D - North Region,4395,15.16,20-09-2023,12.97,11,22,0,2025-08-30T08:50:38.483824
ECG Monitor,Philips HeartStrart,5686.2,16.1,119.19,0.19,1.175,4.01,No,37.64,Hospital C - Central Region,6508,5.4,20-07-2024,29.68,8,6,2,2025-08-30T08:50:38.501265
ECG Monitor,Philips Ingenuity,884.02,33.6,92.7,0.382,0.612,1.53,Yes,62.79,Hospital E - West Region,11126,1.62,16-12-2024,30.75,3,11,2,2025-08-30T08:50:38.610206
CT Scanner,Lifepak 20,4628.18,24.96,115.95,0.939,0.977,3.9,No,66.1,Hospital H - South Region,5273,2.87,17-07-2024,26.51,0,15,0,2025-08-30T08:50:38.624959
Infusion Pump,Drager V500,5467.26,34.16,118.27,0.214,0.433,0.65,Yes,27.52,Hospital H - North Region,6454,5.21,25-12-2024,22.24,3,15,0,2025-08-30T08:50:38.733723
Defibrillator,Smiths Medfusion,4154.05,31.51,103.9,0.123,0.538,4.22,Yes,23.31,Hospital H - West Region,4643,4.73,09-03-2025,23.84,12,19,0,2025-08-30T08:50:38.947160
Infusion Pump,Drager V500,4556.9,17.92,106.97,0.09,1.009,2.92,Yes,69.7,Hospital C - West Region,4701,0.38,08-04-2025,31.96,6,0,1,2025-08-30T08:50:38.963400
Defibrillator,Philips Ingenuity,6267.17,27.81,110.52,0.574,1.486,1.01,No,55.4,Hospital H - West Region,4729,10.3,12-08-2024,28.91,9,11,0,2025-08-30T08:50:39.072093
CT Scanner,HeartStart FRx,5665.84,24.21,97.41,0.488,0.346,2.48,Yes,54.04,Hospital G - East Region,2855,20.74,14-11-2023,9.15,7,11,0,2025-08-30T08:50:39.285226
CT Scanner,HeartStart FRx,460.7,22.87,110.76,0.831,0.656,1.09,Yes,46.24,Hospital A - North Region,3876,15.28,19-01-2024,21.78,17,10,0,2025-08-30T08:50:39.304434
Defibrillator,Siemens S2000,4438.14,21.52,96.37,0.977,0.325,1.84,No,52.3,Hospital C - Central Region,8899,17.99,11-12-2023,2.92,6,7,0,2025-08-30T08:50:39.428307
Anesthesia Machine,Drager Fabius Trio,9784.18,30.21,116.5,0.919,0.691,3.89,No,38.92,Hospital D - Central Region,970,9.77,16-09-2024,26.34,10,21,0,2025-08-30T08:50:39.442588
Ultrasound Machine,Fresenius 4008,1308.87,32.72,117.91,0.927,1.32,1.8,No,64.25,Hospital F - Central Region,11764,3.07,14-05-2024,35.71,5,15,0,2025-08-30T08:50:39.550632
Anesthesia Machine,Siemens S2000,4617.52,29.31,119.08,0.494,1.401,0.01,Yes,61.08,Hospital E - North Region,10182,3.12,16-11-2023,30.61,7,6,0,2025-08-30T08:50:39.764213
Defibrillator,GE Aisys,8952.51,39.77,107.9,0.484,0.312,4.96,No,66.28,Hospital F - North Region,3529,22.68,26-11-2024,6.3,2,0,1,2025-08-30T08:50:39.780091
Ultrasound Machine,GE MAC 2000,2491.93,32.87,97.46,0.61,0.965,1.96,No,21.55,Hospital D - South Region,8137,23.73,17-03-2024,19.24,16,1,1,2025-08-30T08:50:39.888628
Anesthesia Machine,GE Logiq E9,2597.43,27.41,114.32,0.887,1.484,0.14,Yes,49.85,Hospital A - Central Region,6224,12.17,15-09-2024,25.63,7,15,0,2025-08-30T08:50:39.897172
Dialysis Machine,Philips EPIQ,3205.89,38.51,97.53,0.303,0.922,1.54,No,40.86,Hospital C - North Region,10432,14.95,01-09-2024,24.8,8,18,0,2025-08-30T08:50:40.110788
Ultrasound Machine,Drager Fabius Trio,9038.33,26.45,102.61,0.561,1.002,2.81,Yes,39.86,Hospital A - Central Region,4879,0.3,05-12-2024,5.15,15,16,0,2025-08-30T08:50:40.220040
CT Scanner,Baxter AK 96,5007.83,34.27,96.95,0.91,0.616,2.51,Yes,49.34,Hospital A - Central Region,1737,3.79,06-12-2023,7.32,18,18,0,2025-08-30T08:50:40.236609
Patient Ventilator,Drager V500,5728.22,39.62,95.41,0.905,1.307,1.01,No,60.02,Hospital D - Central Region,7458,25.78,05-12-2024,31.09,15,7,0,2025-08-30T08:50:40.453919
Patient Ventilator,NxStage System One,3527.87,30.87,116.93,0.648,0.767,4.33,Yes,34.11,Hospital E - South Region,1709,16.03,16-04-2024,4.37,2,4,2,2025-08-30T08:50:40.562172
Infusion Pump,GE Revolution,7514.46,36.15,117.91,0.537,0.805,1.21,No,63.8,Hospital B - North Region,9097,0.44,30-06-2024,15.85,6,14,0,2025-08-30T08:50:40.576189
Dialysis Machine,Siemens Acuson,5756.18,17.25,109.57,0.077,0.967,3.58,Yes,35.26,Hospital C - East Region,3144,15.85,15-07-2024,16.03,0,1,1,2025-08-30T08:50:40.789670
Infusion Pump,Smiths Medfusion,6130.99,22.84,114.14,0.646,0.831,2.63,Yes,44.58,Hospital E - North Region,1417,0.03,03-12-2024,12.79,1,12,0,2025-08-30T08:50:40.805972
Patient Ventilator,Zoll R Series,4778.35,17.79,93.2,0.118,0.587,0.08,No,62.06,Hospital B - South Region,449,16.43,20-10-2024,33.98,18,11,0,2025-08-30T08:50:40.915142
Anesthesia Machine,Drager V500,9275.49,20.8,114.57,0.891,0.949,1.35,No,61.93,Hospital H - East Region,10176,7.58,06-03-2024,3.08,2,5,0,2025-08-30T08:50:41.024748
Anesthesia Machine,GE Revolution,1050.65,17.79,107.63,0.816,0.535,3.28,No,60.89,Hospital G - East Region,7923,22.74,13-12-2023,5.6,8,21,0,2025-08-30T08:50:41.033874
CT Scanner,Alaris GH,1146.2,20.52,118.66,0.861,0.142,3.02,No,48.82,Hospital H - North Region,4470,5.16,19-01-2024,7.11,1,15,0,2025-08-30T08:50:41.246920
Patient Ventilator,GE MAC 2000,9271.52,18.74,120.0,0.928,0.569,0.64,No,56.33,Hospital G - Central Region,10205,2.67,07-05-2024,6.24,12,17,0,2025-08-30T08:50:41.355342
Defibrillator,Lifepak 20,4216.79,23.26,93.46,0.486,0.847,1.05,No,69.89,Hospital H - West Region,3309,18.63,20-06-2025,15.39,2,8,0,2025-08-30T08:50:41.453068
Dialysis Machine,GE Aisys,1028.83,22.17,113.05,0.226,1.387,0.05,No,41.69,Hospital C - East Region,8738,14.65,21-09-2023,3.85,4,22,0,2025-08-30T08:50:41.560866
Ultrasound Machine,Alaris GH,3967.76,23.02,92.96,0.861,0.787,3.05,No,31.25,Hospital B - South Region,6695,3.6,25-11-2024,31.75,12,5,0,2025-08-30T08:50:41.569317
CT Scanner,Philips HeartStrart,7900.25,24.64,98.74,0.094,0.648,0.64,No,21.68,Hospital A - East Region,6827,15.42,21-09-2023,23.37,6,5,0,2025-08-30T08:50:41.678981
CT Scanner,Siemens Acuson,2076.78,34.84,100.9,0.108,0.115,4.13,No,36.01,Hospital E - Central Region,6324,23.35,18-03-2024,18.44,10,17,0,2025-08-30T08:50:41.891751
Anesthesia Machine,GE MAC 2000,8961.98,33.17,94.81,0.058,0.921,1.25,No,39.54,Hospital B - North Region,1738,15.85,04-05-2025,35.47,18,13,0,2025-08-30T08:50:41.907691
ECG Monitor,GE Revolution,6500.53,21.49,103.38,0.778,1.172,1.3,No,32.31,Hospital H - West Region,6872,26.12,30-07-2024,21.5,16,22,2,2025-08-30T08:50:42.016113
Anesthesia Machine,NxStage System One,2636.41,24.27,115.81,0.411,1.233,4.17,Yes,42.29,Hospital G - West Region,534,25.6,19-03-2024,10.6,16,5,2,2025-08-30T08:50:42.229029
ECG Monitor,Philips HeartStrart,4677.96,22.55,118.56,0.087,1.182,2.12,Yes,24.66,Hospital E - East Region,5909,23.74,08-09-2023,22.64,11,13,2,2025-08-30T08:50:42.246779
ECG Monitor,Drager Fabius Trio,9585.84,36.31,90.62,0.239,0.842,1.67,No,27.04,Hospital G - North Region,10184,6.25,11-02-2024,7.39,13,11,2,2025-08-30T08:50:42.355249
Anesthesia Machine,GE MAC 2000,3200.44,26.2,110.44,0.774,0.645,0.01,No,46.16,Hospital H - Central Region,1144,3.61,16-06-2025,29.54,10,18,0,2025-08-30T08:50:42.451431
Patient Ventilator,Datex Ohmeda S5,3091.09,24.33,116.96,0.513,0.704,2.8,Yes,27.91,Hospital H - East Region,9017,14.05,22-07-2024,16.77,5,12,0,2025-08-30T08:50:42.559492
ECG Monitor,Alaris GH,7752.71,18.41,112.1,0.157,0.499,0.64,Yes,64.91,Hospital C - East Region,4060,14.72,29-04-2025,19.18,13,3,2,2025-08-30T08:50:42.671159
ECG Monitor,Philips HeartStrart,8264.42,39.39,114.16,0.32,1.339,3.63,Yes,24.99,Hospital D - North Region,1542,14.7,05-05-2024,3.4,10,11,2,2025-08-30T08:50:42.684567
ECG Monitor,Zoll R Series,5282.94,35.99,118.0,0.531,0.713,4.53,Yes,46.88,Hospital G - North Region,2618,21.67,29-07-2025,12.9,4,2,1,2025-08-30T08:50:42.898412
Anesthesia Machine,Philips EPIQ,1724.6,27.95,91.63,0.503,0.665,2.2,No,61.67,Hospital G - South Region,9472,15.53,31-08-2024,4.56,3,15,0,2025-08-30T08:50:42.908439
Patient Ventilator,Philips EPIQ,5277.31,32.27,93.6,0.26,0.946,3.08,No,62.99,Hospital A - West Region,2640,0.32,02-06-2025,3.11,3,5,0,2025-08-30T08:50:43.016674
Defibrillator,Zoll R Series,1614.88,23.64,100.3,0.593,0.696,4.31,Yes,53.81,Hospital C - East Region,3917,7.61,04-09-2023,3.12,9,21,0,2025-08-30T08:50:43.229558
Ultrasound Machine,Phillips PageWriter,2266.27,28.09,91.03,0.783,0.216,1.15,Yes,62.63,Hospital G - East Region,9600,10.44,03-10-2023,5.75,4,11,0,2025-08-30T08:50:43.246651
Anesthesia Machine,Drager V500,6514.3,18.21,117.14,0.236,0.399,1.69,Yes,59.31,Hospital F - North Region,5098,0.55,02-11-2024,20.0,12,4,0,2025-08-30T08:50:43.355804
Defibrillator,HeartStart FRx,6404.44,18.7,101.14,0.393,0.536,3.68,Yes,35.2,Hospital G - East Region,2292,20.18,14-02-2024,31.8,13,6,0,2025-08-30T08:50:43.566205
CT Scanner,GE Revolution,6964.41,32.89,108.26,0.809,1.084,0.26,No,43.69,Hospital F - East Region,6564,22.05,01-10-2024,15.48,11,9,0,2025-08-30T08:50:43.582391
Dialysis Machine,Baxter Flo-Gard,5219.96,37.89,95.34,0.143,0.669,0.71,Yes,50.59,Hospital B - North Region,4108,0.06,07-07-2024,33.33,16,0,0,2025-08-30T08:50:43.691004
CT Scanner,NxStage System One,3579.47,29.7,94.24,0.27,0.473,0.65,Yes,48.0,Hospital A - East Region,6200,14.9,06-08-2025,34.59,5,3,2,2025-08-30T08:50:43.708372
Patient Ventilator,GE MAC 2000,5886.36,36.19,106.67,0.37,1.119,4.68,No,64.53,Hospital E - West Region,4623,10.01,06-04-2024,31.55,1,22,0,2025-08-30T08:50:43.816608
Dialysis Machine,Fresenius 4008,8677.51,32.47,101.95,0.638,1.446,2.51,No,28.78,Hospital D - South Region,7370,20.68,18-07-2025,2.64,18,6,0,2025-08-30T08:50:44.031066
Ultrasound Machine,GE MAC 2000,5553.77,23.57,94.95,0.282,0.392,3.28,Yes,32.64,Hospital F - North Region,1096,9.71,29-04-2024,2.9,4,22,0,2025-08-30T08:50:44.039972
CT Scanner,Philips Ingenuity,6343.02,21.99,97.9,0.691,0.81,4.64,Yes,31.68,Hospital C - North Region,10122,20.02,17-09-2023,1.34,8,12,0,2025-08-30T08:50:44.148729
Ultrasound Machine,Baxter AK 96,3740.1,37.01,92.24,0.694,1.04,2.3,Yes,65.15,Hospital D - Central Region,4104,10.07,27-09-2023,10.16,9,20,0,2025-08-30T08:50:44.157732
Dialysis Machine,Philips Ingenuity,3793.26,16.85,108.06,0.778,0.173,2.46,Yes,64.47,Hospital D - East Region,5286,22.14,08-02-2024,12.58,17,8,0,2025-08-30T08:50:44.370586
CT Scanner,Baxter Flo-Gard,2086.52,21.0,115.73,0.76,1.364,3.87,No,57.56,Hospital G - Central Region,3886,1.07,17-01-2025,35.48,14,22,0,2025-08-30T08:50:44.486342
CT Scanner,NxStage System One,3440.02,37.57,119.14,0.748,0.806,1.4,No,24.35,Hospital A - South Region,4223,5.56,25-06-2024,0.54,4,0,1,2025-08-30T08:50:44.500484
CT Scanner,GE Revolution,2829.71,16.85,104.0,0.322,0.819,1.5,No,38.03,Hospital D - South Region,5568,18.89,02-12-2024,6.49,1,20,0,2025-08-30T08:50:44.713763
Ultrasound Machine,Hamilton G5,7899.21,31.75,105.27,0.274,0.256,2.38,Yes,23.58,Hospital E - West Region,1168,1.52,28-01-2025,23.23,11,4,2,2025-08-30T08:50:44.729935
Defibrillator,HeartStart FRx,9234.15,31.04,103.27,0.149,1.325,0.59,Yes,27.31,Hospital C - East Region,10784,24.79,18-05-2024,33.62,16,2,0,2025-08-30T08:50:45.747311
Defibrillator,Lifepak 20,2173.35,34.74,90.88,0.321,0.965,1.53,Yes,24.0,Hospital H - East Region,5627,13.08,03-03-2025,11.47,17,6,2,2025-08-30T08:50:45.764491
Infusion Pump,NxStage System One,3935.45,34.95,103.8,0.995,1.477,2.03,Yes,62.83,Hospital C - West Region,11035,10.51,20-03-2025,32.28,4,3,1,2025-08-30T08:50:46.582819
Dialysis Machine,Siemens S2000,8587.41,21.95,116.89,0.376,0.975,4.92,Yes,37.06,Hospital B - West Region,7389,5.86,25-05-2025,10.1,15,17,0,2025-08-30T08:50:46.599036
CT Scanner,Siemens S2000,6603.33,30.55,115.93,0.872,1.031,4.57,No,30.48,Hospital G - East Region,8812,6.4,04-12-2023,28.01,9,12,0,2025-08-30T08:50:46.618043
Defibrillator,Baxter AK 96,7333.88,39.22,109.62,0.727,0.402,4.08,No,21.08,Hospital E - South Region,10987,24.14,10-05-2025,8.59,2,20,0,2025-08-30T08:50:46.637557
